Website;Label
unsyiah.ac.id;good
unimal.ac.id;good
unimed.ac.id;good
usu.ac.id;good
unand.ac.id;good
snmptn.unp.ac.id;good
unri.ac.id;good
unja.ac.id;good
unsri.ac.id;good
unib.ac.id;good
unila.ac.id;good
untirta.ac.id;good
simak.ui.ac.id;good
unj.ac.id;good
ipb.ac.id;good
snmptn.itb.ac.id;good
pmb.upi.edu;good
unpad.ac.id;good
unsoed.ac.id;good
undip.ac.id;good
unnes.ac.id;good
spmb.uns.ac.id;good
um.ugm.ac.id;good
uny.ac.id;good
unair.ac.id;good
smits.its.ac.id;good
unesa.ac.id;good
trunojoyo.ac.id;good
um.ac.id;good
selma.ub.ac.id;good
unej.ac.id;good
unud.ac.id;good
undiksha.ac.id;good
untan.ac.id;good
ung.ac.id;good
uncend.ac.id;good
unram.ac.id;good
undana.ac.id;good
upr.ac.id;good
pendaftaran.unlam.ac.id;good
unmul.ac.id;good
unm.ac.id;good
unhas.ac.id/pmb;good
untad.ac.id;good
unhalu.ac.id;good
unima.ac.id/UNIMAWeb-SNMPTN.php;good
unsrat.ac.id;good
snmptn.universitaspattimura.ac.id;good
unkhair.ac.id;good
unipa.ac.id;good
uin-suska.ac.id;good
uinjkt.ac.id;good
uinsgd.ac.id;good
uin-suka.ac.id;good
sunan-ampel.ac.id;good
uin-malang.ac.id;good
uin-alauddin.ac.id;good
ubb.ac.id;good
unmus.ac.id;good
borneo.ac.id;good
umrah.ac.id;good
uksw.edu;good
uph.edu;good
lspr.edu;good
unai.edu;good
maranatha.edu;good
monash.edu/indonesia;good
